feature	X1552	X6602	X16971	X1545	X8007	X6952	X13165	X6956	X1543	X1564	X9450	X6939	X1536	X8163	X9467	X1469	X8059	X5089	X2043	X17130	X16988	X17168	X17153	X8071	X6936	X969	X8095	X17167	X5266	X5265	X2492	X8235	X2479	X17300	X1466	X8047	X17154	X9463	X16987	X17234	X1468	X9712	X4494	X5273	X1542	X8236	X5868	X15878	X749	X1522	X2502	X9434	X4482	X1395	X3934	X5825	X15888	X8255	X8130	X2048	X1540	X5989	X2524	X748	X17007	X9447	X15872	X17137	X17008	X14348	X1457	X8249	X7285	X1464	X17169	X17132	X2036	X1525	X7298	X2483	X5286	X19351	X2497	X1458	X8053	X5884	X9418	X1411	X3922	X9422	X19850	X1520	X1561	X9649	X15877	X15897	X1526	X8028	X2480	X7282	X1528	X15892	X5285	X5880	X16955	X2016	X17151	X6067	X1524	X6055	X4481	X985	X15494	X6833	X8026	X6001	X19831	X2053	X1341	X19882	X6653	X3931	X19300	X5898	X3920	X19800
01.2020.108.SL	31126	28744	47927	0	24652	0	21528	40343	4494	3041	15677	765	71	1855	1935	2214	1627	2906	997	15252	0	11881	0	0	2999	0	2167	7862	283	0	653	0	2244	0	695	593	0	85	16817	0	0	6146	1963	11560	0	1383	0	0	0	0	0	0	0	122	1293	0	0	0	324	2823	0	0	0	0	0	0	0	128	0	1400	0	0	0	161	0	0	14	0	0	8268	0	629	0	0	0	0	0	1117	0	0	1543	0	0	0	0	0	0	0	0	0	0	0	0	1334	0	0	0	0	0	0	0	0	0	0	0	0	0	0	0	0	0	0	0	0	0	0
01-2020-49-SL	389369	94423	849724	0	0	605260	17891	1213866	1067	110566	327575	10772	7804	409	3034	0	1040106	92258	26930	741700	40359	334981	81885	68892	395787	39050	363948	2898	0	90892	3933	0	29266	21871	0	9345	19217	21021	332	0	0	113020	5936	31001	424799	34738	397118	384	188094	115418	873	6861	5607	60311	0	0	0	89084	13382	353	0	0	959	168168	0	0	0	28582	0	0	0	11943	0	0	47759	63375	0	0	109966	27396	19172	20105	0	0	0	0	781	776	73141	3710	0	0	0	0	0	0	0	1405	0	0	0	0	0	40398	0	0	0	16567	0	0	0	379	0	17158	0	0	0	0	0	0	0	0	0	267	0	0
GBM.BM.298.SL	8987217	14871	509835	0	474536	2121044	0	0	99338	0	6231	230030	58030	203214	744759	18378	0	23238	37638	37173	33928	8864	30602	205123	611134	55071	5893	0	659118	3598	510808	70687	26015	3814	0	10240	105181	0	0	0	190622	83139	468650	93261	183276	0	21369	2995	118857	6413	0	59388	53887	180458	7386	424	0	38600	0	28760	21940	61	5159	499	4296	0	0	64331	0	3896	3196	2418	9618	0	0	78794	23060	16131	25518	7209	101117	99757	40337	541	2713	2465	89	2582	1801	535	13508	0	5765	9390	1685	0	0	0	0	0	647	0	10904	1959	0	0	995	0	0	1902	7881	0	0	499	358	0	92	0	0	877	28	0	0	0	394	0
02-2020-53-SL	4300291	17294	150733	4197	107762	445736	67016	442593	26412	11562	1602675	189869	0	0	127514	0	0	31617	123634	0	14434	0	639	36447	126881	33644	3388	412	0	11592	244673	5871	32024	20684	0	1882	13942	173270	2740	5447	42741	399334	40742	186882	78663	0	11503	950	100417	93427	239918	9299	75504	19813	31757	3855	7885	237751	46585	20579	20356	5736	5043	0	3764	61879	3461	6966	2187	24744	0	31687	0	0	0	2742	0	6719	11192	28280	0	24581	10361	94416	3989	9113	17366	0	388	2378	0	5515	10559	14057	14180	0	0	1125	0	493	0	5822	36374	19616	12037	0	379	1564	8689	0	7310	538	0	3455	0	2733	535	0	0	1568	0	0	595	3718	0	56
02-2020-56-SL	6352210	5954	2096106	252892	223	1907256	39913	4797	617136	93852	10540	9379	27316	1909	1457	0	105	2485	0	24393	7653	80304	11572	44645	215287	53194	5879	198192	33362	31862	1298	380	988	9677	0	0	66480	0	843	0	6891	478038	2342	15856	0	0	167660	871	14041	297520	866	898	112614	46487	18381	116	0	69802	0	4476	897	62	296	0	0	682	0	36680	110	16929	0	0	0	0	2543	19041	0	12070	4900	1253	4307	13364	15969	0	0	0	0	888	4082	0	4198	1960	6105	0	2998	0	1558	0	0	43	0	1746	1482	7136	0	543	0	0	3559	0	0	77	0	80	0	0	401	1265	0	185	0	567	475	0	787	0
02-2020-18-SL	402121	35970	4658746	0	436077	316497	108508	436338	7183	33729	27088	24799	39912	0	287290	13286	13885	35910	5253	972037	35649	869495	0	804116	401794	48451	695414	537459	80582	0	70597	36128	22171	0	0	543616	0	381088	29304	1709	0	469680	8921	45445	0	281238	132628	10394	58712	59552	14828	6970	6874	871	100887	3522	14477	143234	27421	0	3303	801	1758	78719	0	0	0	41231	87	13878	213	120848	0	0	41494	111072	5754	5416	13169	0	4264	61573	9227	0	22086	0	549	23951	41867	2164	32021	29845	0	0	3229	3615	0	8988	38137	0	0	162	0	919	0	0	3181	0	0	0	0	0	0	1523	2528	1139	65	2395	4890	480	9212	0	644	63	0	1248
02-2020-55-SL	864175	0	2244106	4347134	233761	1326715	101539	557	0	0	75962	141127	1830	770	74682	0	0	0	0	0	32981	0	841	146784	467117	143378	93215	1593	64365	0	11563	0	962	0	0	3510	10981	11995	14355	3969	0	360566	0	76797	0	0	96961	4872	0	109563	1602	0	309096	5935	0	4672	1739	34166	2835	0	21705	6487	760	0	0	7800	4404	87308	0	31144	0	0	0	1707	0	232	0	49105	0	5983	0	49360	623	0	0	0	0	3998	12143	1432	0	1536	14481	0	12203	0	0	2261	0	146	4363	871	41383	29144	422	0	0	0	0	0	0	6468	5104	0	4665	1392	6082	3248	0	2469	1489	3652	478	898	2288	1342
01-2020-20-SL	3556934	0	495462	194245	54821	1279284	13384	7016	0	845711	771622	9506	256461	5067	0	0	19651	54899	98386	0	24700	0	31844	6228	72101	232899	166521	23435	20940	15153	8389	1218	20342	0	0	4244	0	0	10289	0	480623	178125	272098	42	0	0	95069	7543	0	79716	3804	1979	2248	145610	275841	0	0	114670	15221	462	292	0	1799	12603	0	0	0	42267	0	1504	1046	2790	0	1027	111241	57548	0	6486	62668	7455	46575	12365	500	0	0	0	3545	0	7681	0	21655	2193	3584	2436	0	261	0	497	0	0	0	0	3178	10441	0	0	0	7506	0	30586	0	0	1114	22881	0	112	100	0	1370	0	0	0	117	0	0	0
02-2020-44-SL	534000	1020	387456	2998269	0	652737	26878	67274	1904	1363	13797	104640	8231	300	53092	0	0	4625	9268	37126	5088	188518	18855	0	64099	86210	44541	175736	75757	0	7526	7768	4887	10457	3936	27411	3615	5189	3725	15516	11188	59465	15927	22377	35969	1896	302789	7398	0	145722	8270	2172	149952	74568	59794	750	2660	27133	0	2925	62763	0	545	0	0	0	2141	2379	0	5620	3494	0	0	2215	0	47146	0	27749	0	611	0	30669	5273	0	0	0	0	1544	1959	0	11772	35317	10273	0	0	0	0	0	0	312	1697	0	0	17488	1560	172	1053	0	2835	0	1037	1946	24478	0	0	0	0	0	0	729	0	106	125	378	0	4220
01-2020-50-SL	403170	44775	562047	2972636	80433	679201	0	6684	1778203	653964	0	29172	2524	2048	21606	0	1709	121534	12116	224281	5136	35991	318	1773	386593	52131	2272	27489	291411	123581	24814	0	27111	0	0	0	58307	11152	0	1419	91845	12951	0	436327	166084	0	262203	0	11581	193335	7608	356	193966	61546	42484	248	0	6659	0	990	7620	0	0	0	0	0	0	32052	0	3000	0	0	0	0	2609	15716	508	1328	0	0	0	25983	1796	0	0	327	0	383	19827	509	54865	4230	28830	0	1075	0	7911	0	112	742	0	0	7888	40483	0	14592	0	2116	0	17301	358	2268	0	12347	0	1087	1864	9880	1639	655	0	3140	0	268	1544	2728
01-2020-16-SL	504034	0	3309371	172286	163804	470382	2697	728	283276	19038	0	68440	46067	1235087	0	135	0	7198	47570	8249	880725	3057	2487	272358	326551	16065	376086	6112	0	27277	5894	0	9363	5370	0	6781	23730	0	10817	38999	73158	183380	0	21809	0	0	11699	84929	0	62440	1363	1812	3674	12656	0	9763	20244	31058	65853	3390	106866	0	582	273	153132	0	1286	26566	143901	138379	0	8879	60202	546	183	13547	0	26360	30588	14969	0	22951	22679	5336	8779	14655	0	2315	3675	7867	0	13218	22825	12840	60980	0	19260	3677	0	648	10673	0	72	13203	0	30429	16454	0	2669	0	2869	6935	9816	3346	5640	7635	17161	6473	2212	12487	971	0	647	7585	224	1734
GBM.BM.295.SL	422749	4410	1567881	2560481	509811	978846	193757	31916	78063	69997	51685	85301	29506	120	1123804	0	0	3530	0	161071	45106	0	493	0	304306	30029	8100	69746	0	3299	15823	0	7441	0	0	56966	12369	0	10805	0	2903	113093	1171	0	0	0	62712	3852	4445	82325	7341	10155	29280	17473	15756	0	18090	32068	0	0	4329	0	232	0	0	0	15396	3608	0	22692	2440	6492	0	0	18820	4150	0	24346	0	19731	0	18962	61440	3031	0	1028	0	3201	0	25137	1090	7463	15831	257	3052	0	9924	856	371	505	850	2561	0	14561	0	0	32	0	0	0	7554	0	536	0	9951	690	0	1345	5315	77	0	1140	2028	0	0	114
02-2020-50-SL	1536499	4333	2015391	242506	2970	2466593	0	0	105421	130930	32094	45182	221455	227	426294	0	0	60248	0	47165	45298	0	0	710960	24817	309317	0	0	0	643242	9894	32845	71611	11894	0	279	542904	0	0	0	73018	389995	0	63639	163722	0	116418	0	0	104147	4835	1375	32513	35784	0	975	0	52620	15022	0	0	34592	768	0	0	0	0	146434	0	0	0	24377	0	0	0	29153	0	0	90843	0	0	7273	0	0	0	0	0	0	14710	700	0	0	0	6841	0	0	0	1722	0	0	0	0	36866	0	0	0	537	0	0	498	0	0	0	9094	0	0	0	0	0	0	0	0	0	0	0	0
01-2020-10-SL	468143	171428	322021	11989	151	229834	15434	1571705	24499	1633265	521424	34710	1299636	195943	176103	1091065	265809	32455	921676	59247	45760	176605	6736	725	12367	24599	64207	17429	34747	0	265031	118338	164062	0	548867	12505	857	0	33283	0	0	265956	127100	25184	0	23762	0	10413	349932	10638	50137	23446	0	493821	31778	3503	0	67405	126591	195423	6149	7501	18571	8419	0	25178	0	101564	366	1592	6004	10766	913	118735	24562	51308	110789	50344	9683	73743	30542	6639	15715	5507	1034	0	42327	24298	2796	7729	39221	2359	63622	62897	3930	47169	8015	0	44158	0	674	13250	3064	335	24429	5348	0	32878	0	0	0	403	0	10872	0	0	802	0	6288	97	0	1165	361	0	7544	779
02-2020-28-SL	1800996	2083	710600	2232530	4040	1368518	99984	0	0	40884	0	319266	0	0	0	0	0	0	0	775	457	1024	0	0	14775	33275	59229	0	15288	0	34686	57182	38149	0	0	0	0	0	5078	657	0	15029	28392	0	0	44011	341783	0	687	253865	13299	28945	77358	0	316	0	7349	44379	0	13463	0	0	381	0	0	0	0	77400	0	845	0	0	0	0	0	35566	0	0	0	4831	0	15341	24561	0	0	0	2165	963	0	0	104	3262	18124	0	0	5290	28995	0	1976	0	0	0	0	3095	0	0	0	0	0	0	0	0	6279	0	0	0	0	0	3988	0	0	0	322	0	0	241
01.2020.030.SL	2068279	58861	1096654	0	89947	1012110	50234	75894	85846	496667	102000	89645	23397	5572	759226	0	0	16899	0	29770	623201	10544	8200	0	276515	172221	416547	347089	0	46934	31084	0	18984	26991	0	270352	0	325450	64903	0	73882	165284	7418	53653	59913	0	167560	5806	37631	119017	52302	17782	32812	48774	84136	0	3446	38942	3983	1245	1035	0	3374	0	1745	3106	1165	26782	2501	0	0	11708	0	0	90612	20201	847	0	0	3749	8788	20773	9669	1966	0	34	56466	0	8977	4643	22184	0	0	0	0	6231	0	0	121	0	0	672	10066	34163	4548	0	0	0	0	0	0	0	0	8757	0	0	0	0	0	0	0	0	0	607	0	0
GBM.BM.284.SL	1961068	34669	79296	0	274620	356335	0	42252	0	476853	150440	47162	9785	43756	191368	11983	12441	8200	5138	84328	24306	207921	3218	74874	196676	43042	38324	40304	13559	0	67213	5492	24198	0	0	11878	19166	0	0	0	144059	13234	4351	7884	359	0	29902	40712	14813	204946	22327	0	12380	39931	244692	330	4333	16100	9851	17925	2656	20664	2052	0	14223	6265	592	9752	12583	1449	5826	4397	520	29200	109591	32793	0	3465	18141	7034	6635	50698	2032	0	5964	2055	20601	13386	53187	936	70224	33882	0	0	2927	1143	406	3543	0	0	160	1340	3801	21222	0	4005	1441	3818	1098	1192	346	0	0	11966	2099	16444	3385	0	0	48	0	0	139	0	0	0
GBM.BM.281.SL	431493	44707	482441	1936472	369173	1548111	30637	0	1063972	282004	18743	6072	39	0	13416	0	0	39271	291	344192	31692	0	1931	56106	494356	703536	25902	458426	0	84268	0	2421	917	131809	0	2067	194432	0	599	0	42129	11374	0	21247	0	0	358870	9379	2775	326210	0	0	118836	7417	6535	0	300	14852	4775	0	0	0	0	0	0	0	0	20744	0	0	0	0	0	0	0	14089	0	761	0	0	278	26807	0	0	0	0	0	0	7296	0	50487	1024	0	0	0	0	0	0	404	0	0	0	1428	36937	0	408	0	4014	0	19214	0	226	0	22291	0	0	233	0	1104	0	0	0	0	0	0	0
01.2020.64.SL	409483	0	107131	0	53479	361826	274262	21641	62698	145	84329	150436	5682	321	177532	0	0	4589	0	3022	15943	0	0	53325	49240	2525	137668	2757	3132	3393	63338	0	29569	973	27047	20951	14208	0	23215	0	1066	58158	10823	11728	848	141364	13678	25603	0	25096	136151	18412	12684	4369	0	0	3848	5628	0	0	20648	0	2066	94	0	0	0	5961	991	0	127181	6288	0	5710	0	0	0	4756	0	0	0	3531	5952	0	0	0	23316	1365	0	0	153	21784	13132	0	320	4973	0	0	0	1593	0	1523	0	1226	4866	0	0	0	1582	0	0	0	1898	0	2055	0	0	0	0	0	0	0	401	499	0	0
02-2020-41-SL	0	0	211185	488	0	0	1282716	253525	0	0	253741	37874	0	298	229309	22397	170220	65269	139904	0	2041	0	0	0	0	0	0	5351	2057	0	14383	0	11520	0	0	8966	0	0	146128	0	0	80492	19125	0	0	98238	0	6970	4150	0	24844	8634	0	5794	0	0	107430	12119	0	15016	2842	20038	5008	0	4462	939	0	1281	1340	0	18716	4606	0	4307	0	0	7934	10354	4342	0	0	1611	4980	0	0	35	23349	795	0	315	0	0	17316	0	0	8519	0	0	37494	0	0	2158	0	0	2811	0	0	0	0	0	0	0	0	0	0	569	0	0	0	0	0	0	0	0	0	0
01-2020-43-SL	274007	1093	627372	0	33010	66291	19395	125621	11929	0	472024	127760	78243	4529	424843	2092	13325	5438	164038	2992	194704	96	0	0	20256	1381	2023	0	24958	0	57487	31721	163049	2076	0	18066	0	0	36747	0	0	23902	77207	24100	0	0	60487	0	0	5131	58687	5510	1710	224	735	198	43263	48871	0	0	0	2840	8207	0	0	163968	0	7537	29300	0	42	1393	0	0	0	7133	0	0	0	27720	0	21537	0	0	0	0	79170	0	0	4324	1538	0	8072	0	0	23359	0	2202	0	0	0	0	0	0	1878	0	8306	9200	0	0	3324	0	0	0	0	4569	0	0	0	0	0	0	0	0	0	0
GBM.BM.288.SL	839267	1725	1147992	1082332	1428	700223	23156	181601	76	151116	35280	59435	2488	63374	0	0	0	7616	27672	18291	29236	0	14765	34574	63411	143002	7006	49005	6141	54852	7369	36485	4257	16834	0	0	0	6054	10125	188	2430	27801	0	19532	0	12429	97210	0	11684	43731	30647	8168	298615	10128	5178	3699	881	61231	0	6525	12497	0	0	0	0	0	531	23494	0	7142	0	556	0	0	67832	2823	134	16077	0	0	0	8276	6274	0	0	0	0	12101	263	0	944	6327	2529	0	2215	0	0	2156	5508	527	1481	0	0	6606	0	1122	0	0	0	0	5106	2163	7477	0	0	52	2184	3044	5102	1097	0	0	489	148	0	7439
GBM.BM.259.SL	1008972	12766	83637	50007	79240	568707	1533	54277	0	265886	97408	7290	22719	14322	782	0	315	28626	35462	41669	3462	106078	158	47095	206225	149630	12090	23737	3519	7368	17397	0	20166	3134	9851	0	0	0	1279	0	22715	12545	24061	40003	10851	4000	9387	510	36593	67324	10096	738	80964	24167	9921	410	9217	7258	345	21946	2589	11518	0	3375	3456	14247	2018	1976	2162	1728	1596	0	0	0	0	34929	3198	19773	2464	2050	13134	31660	5172	1970	0	1125	1594	0	17906	0	9873	392	10689	0	1901	2210	967	0	1004	373	0	0	12769	9450	0	1404	0	7285	212	13319	572	0	0	4676	0	1799	4553	2589	1709	751	0	731	170	221	2743	573
02-2020-47-SL	994588	43371	223067	0	148579	15230	0	915713	77870	121660	118586	177618	0	233657	0	1052	118789	99343	33108	82964	39209	102623	7833	22741	366638	10296	45175	65393	103462	0	100986	27680	18202	0	0	39317	0	0	2637	0	88280	402576	47967	179607	2679	0	85349	116608	0	31008	122423	0	7101	15032	9686	0	7057	11088	94835	1278	0	181370	8071	0	743	91635	0	3431	22776	0	0	890	22215	0	17085	15	0	9585	26689	0	1586	50435	13432	0	3820	1078	0	1133	36742	12667	16814	0	8369	0	102	0	0	0	0	0	538	0	25210	3777	0	0	0	16183	0	6321	824	0	0	4859	0	7799	16473	0	0	9	136	0	329	0	0	0
GBM.BM.279.SL	556292	5285	184954	461	95832	317394	17506	49353	987503	63913	21160	45761	9007	382	8893	0	0	43642	0	55757	17287	0	16895	68476	291834	102434	33080	0	1161	45746	5716	0	6183	31360	5146	5317	202875	0	6887	0	20657	122483	3505	43608	254993	0	93054	23755	1173	116311	21379	3060	40140	34472	0	450	438	13875	1593	3105	11478	588	366	12524	633	0	0	12585	642	45	0	37	0	46812	14723	5519	2776	82477	0	0	0	8045	715	0	181	0	9494	4058	13376	4915	334	15569	21448	0	0	0	4081	1909	0	211	0	0	3646	9385	0	3900	3547	1102	0	3508	0	892	0	412	0	3167	0	0	0	0	172	0	0	2791	1417	0
02-2020-16-SL	150565	7371	176308	149376	132003	286525	21926	36397	978398	202210	99117	237360	39183	0	140002	0	0	41693	7010	60793	55014	0	110308	24394	186680	19408	1340	0	0	15538	0	43200	0	11831	0	1816	0	0	0	74	751	3465	0	31283	98516	0	93397	4529	5449	95102	313939	395	48924	28097	58571	1631	24086	18871	0	59545	36102	0	0	0	4956	0	55184	22440	1786	0	0	3001	0	0	0	3655	0	8253	0	0	0	28199	46621	54403	0	81062	0	2322	9767	0	3483	44444	5896	0	39027	39930	576	0	0	0	1319	17770	270	17275	0	0	32145	587	31803	846	0	7150	15927	5192	0	0	808	0	0	572	0	0	3037	4761	0	0
02-2020-30-SL	712005	0	1013735	0	22326	493294	329167	103405	0	2991	488160	78513	3584	68095	0	0	229176	0	10810	0	227155	0	65	0	12630	0	112772	0	3395	0	4012	15184	52397	0	0	63142	0	0	12357	0	25408	91918	0	53180	0	0	16565	21855	0	7153	33939	6747	57759	7653	0	0	0	94411	203590	0	0	24950	2896	0	4556	707	0	0	240	0	0	19888	4105	0	2172	11208	0	0	7753	0	0	8377	0	0	2607	0	9203	0	0	5848	0	0	0	3349	0	907	0	0	922	0	0	0	0	0	0	0	507	0	0	0	0	0	0	0	0	0	0	0	0	0	0	0	0	0	0	0
02-2020-35-SL	86290	0	825147	0	32037	512772	1045	0	24910	0	0	159431	0	0	0	0	0	7148	0	7038	16780	0	0	53628	98548	21502	0	27	0	4058	0	0	0	53124	0	0	0	0	0	0	964	10120	0	0	0	0	12060	0	0	4682	0	0	3071	2497	0	84	0	54518	0	0	1761	0	0	0	0	0	0	25388	0	316	0	3990	0	0	0	2297	0	84878	0	0	0	597	0	0	0	0	0	688	0	0	45	1001	4469	0	0	0	0	0	0	0	0	0	0	1204	11783	0	0	0	0	3437	0	226	0	0	10569	0	0	0	0	0	0	0	0	0	0	0
01.2020.141.SL	127670	1754	60432	23888	78331	149459	8440	18345	60125	0	9199	166628	7812	789754	261996	0	0	94	102	141	27170	0	1174	2308	16029	126	7975	13205	2466	0	97231	116148	12496	0	2196	56849	0	40228	31052	0	0	70403	4021	11261	0	55058	133	0	0	0	78305	1213	0	1364	0	0	0	30815	5271	4187	821	0	3070	0	7045	35430	129	0	6243	4696	9806	27804	0	0	552	0	6334	0	77	5314	0	1340	13033	177	20514	1637	3316	0	0	2635	0	9549	0	0	664	0	0	0	0	723	0	1527	0	0	673	0	6993	0	0	0	2867	0	0	0	0	0	0	0	2256	567	0	0	0	0	0	69
01-2020-46-SL	781657	34320	113750	667757	5564	413688	126610	379127	279097	255995	387783	26932	346003	20815	50	206620	14782	64429	261722	17077	233	0	0	0	313758	20736	64374	21592	114459	86162	41738	4545	122216	0	22885	1495	8340	3886	7998	0	0	91891	90394	99352	110557	35770	331196	0	35844	79799	27300	7500	29368	63361	71467	1541	0	34341	0	19763	53954	2934	300	0	0	44223	0	4178	0	24771	0	2394	11162	2713	13397	12906	0	3708	0	0	91019	30265	6125	0	0	0	0	48101	3421	0	14943	4812	23873	1359	0	0	0	0	0	0	0	3691	0	16066	0	0	0	22686	2983	4025	0	0	0	4594	0	0	0	0	1296	0	0	0	939	0	0	0
GBM.BM.291.SL	480317	222	530694	679746	0	461158	101670	121368	777505	242177	0	68457	9972	0	1433	0	3025	0	1035	12567	25846	0	11067	0	54338	6633	6097	9652	715	24316	0	6520	75691	0	249773	13124	15616	6361	129387	0	27362	0	0	7215	7422	8516	46887	0	33248	59362	147068	0	11171	8107	13	1638	271	9687	0	25225	1586	0	4501	0	4513	0	0	29269	112	4091	18731	2225	0	121	4954	6829	7346	32022	0	54148	0	13901	1724	0	0	0	2924	8205	656	0	229	3488	26573	0	0	5924	17985	238	0	339	0	444	0	1224	4404	0	0	0	274	0	0	0	1099	0	721	0	0	900	1704	9	682	1487	64	0	0	626
01-2020-42-SL	498762	560	350165	775336	211	25166	6971	0	852	110377	287987	99613	0	185441	266586	0	0	12641	4857	0	23264	0	0	535	13171	0	4399	1952	0	689	95784	6153	9421	0	0	0	0	18916	6103	0	983	145932	0	0	11804	4944	1433	851	14297	14721	1398	8563	25899	15687	0	0	7564	17732	0	17108	7962	0	3142	984	12469	19614	8554	0	885	12481	4393	37	0	22694	1062	4401	1461	31379	0	88631	0	1367	72776	564	0	9149	574	2444	0	397	1029	23404	42668	49646	10367	484	0	356	0	279	0	34164	1046	0	0	2254	1810	0	823	490	7062	197	836	0	0	316	222	234	0	2928	975	1725	2054	1780	4224	20
01.2020.090.SL	414996	0	541423	38042	317245	751831	54904	3589	98591	142	14085	181967	0	3029	66562	0	0	3270	0	23843	24637	0	2334	38235	349651	74164	12872	110352	0	4491	3095	3042	3138	0	820	9655	0	45403	74013	0	0	15027	0	4303	7450	27615	11731	13059	0	16461	6249	404	47022	4813	0	0	12794	11178	120	0	0	0	0	450	267	0	0	8567	986	819	0	15158	0	0	0	251	0	8925	0	5052	0	6020	6607	1353	594	191	285	698	0	5687	686	7421	6639	0	0	0	3644	0	77	0	0	3281	0	0	0	4695	371	0	0	0	1503	208	2929	0	0	0	0	0	175	0	0	0	189	0	0	290
02-2020-37-SL	346878	92583	315602	632025	33417	430237	598457	118337	149134	184608	4219	319395	25464	48956	204106	0	9452	51325	23767	39609	80029	0	2451	60042	312751	71029	38541	26189	2044	40595	42452	7354	17940	0	0	39482	13044	16635	22107	0	57298	102952	9122	326605	123994	27283	66235	101024	27403	73342	56189	3362	42691	27154	120260	1337	43911	14193	71333	13780	8198	8268	3381	1891	164507	1036	85531	4853	5450	18185	1987	16515	0	0	0	20408	24837	9942	146	10679	0	31222	40682	9773	25574	6252	2896	0	5442	9340	50718	5687	11927	14398	19202	0	0	402	18868	0	0	1974	17291	12150	0	2438	10601	0	1402	6817	12213	0	1150	11347	0	2763	5732	0	5152	1890	0	964	1728	0	0	0
01-2020-14-SL	623981	414	35054	70106	146333	51485	24442	90085	0	19867	13996	74388	7163	8913	771	0	10690	922	1553	540	6328	0	220	1126	21778	3395	4836	104	0	0	264	1541	5429	9907	544	2203	0	0	19648	2760	12148	12810	4058	0	634	13570	6916	5182	14266	26922	1662	2771	2789	8723	10099	2963	2707	3761	0	0	44468	0	0	6916	1127	4207	0	8213	0	2190	7028	2352	0	0	212	564	1401	14775	622	1491	163	305	3515	0	8868	0	11647	14779	1459	99	52	382	24168	106	1255	4018	40241	2816	0	596	11104	0	0	0	0	8038	1337	0	0	0	0	2760	81	26	10634	0	0	1558	976	0	811	1447	0	88	2835	429
02-2020-26-SL	124258	0	0	359303	0	13272	0	465	34803	26738	427818	397667	9767	0	0	0	0	0	217657	0	966	0	0	4142	661	0	0	0	0	3983	613167	23303	553899	464	0	0	0	0	0	925	7634	14639	2329	15139	0	0	5335	1723	0	37316	21106	315455	9951	15095	0	3536	0	4064	0	58066	40670	0	3522	0	0	0	0	487	0	2328	0	0	0	0	0	0	0	29989	0	0	0	16089	0	174	1363	0	0	15648	0	0	0	2361	20009	0	3696	1534	0	428	0	271	9516	0	0	0	4667	3955	0	0	0	0	25402	307	10860	0	18450	12749	0	8687	742	0	3152	2160	1147	0	2947	598
01-2020-22-SL	64724	7667	439385	545428	128749	388360	15219	55392	300105	147944	5222	53009	3201	39576	7136	0	367	17705	4776	28888	225211	0	12782	36006	136529	5272	15191	23359	0	827	17577	0	8551	0	0	28271	111313	0	13122	374	5727	92272	0	7752	52228	1316	96418	39668	0	78563	2158	346	36062	5668	513	663	7346	9262	16860	0	0	0	177	0	5731	1234	770	3397	3405	11207	3548	10975	0	739	0	0	0	22318	983	9741	0	15788	4116	2022	2081	2123	10952	713	577	20493	6865	5276	19508	0	2378	8114	0	0	2890	1003	1640	2540	2373	12027	141	1124	2967	0	0	0	0	4423	8462	375	1095	2200	46	0	374	0	0	10	322	0	0	71
01-2020-09-SL	81763	186	581841	0	18098	318783	92364	0	70984	2942	17054	189279	3156	27120	0	0	1471	2948	16415	5897	94748	0	1188	80669	51197	2415	1044	0	0	4287	20192	3597	29598	0	0	65078	0	0	27904	0	5725	52598	144	6033	0	0	16661	19461	0	6509	3569	2410	1604	404	2109	4202	613	7561	43102	4418	13648	515	69	0	6298	2494	27716	7259	309	0	133	1967	747	0	0	3107	0	5413	8468	3483	0	1148	2158	0	0	3119	6297	0	2168	9777	0	8318	740	0	21039	0	0	26360	0	0	0	0	0	545	0	242	0	0	0	0	0	10623	6156	669	0	3619	4213	0	0	152	0	0	367	4332	0	0
02-2020-57-SL	506642	10561	231509	214736	142259	460105	146589	0	535634	58620	2883	127518	0	12482	41586	0	0	102838	0	31791	178095	4551	262	37827	293706	16636	1908	14263	323	10705	850	0	278	5229	0	12252	0	90683	71723	1525	45169	13753	0	11770	0	1917	53568	24378	0	127684	761	0	7927	10520	5708	2242	9231	4639	9746	0	46553	0	0	952	38522	67	953	17645	2281	21386	7295	2403	0	12422	23186	8420	0	33103	0	99	1721	31339	6391	2363	6980	4007	0	78761	7577	2086	5726	13638	26110	6996	11467	699	48137	13503	0	1178	7899	0	17767	32944	34346	33595	2778	0	3408	0	2651	356	0	1566	262	3802	11822	5563	0	5253	1726	723	74	7530	797	1371
GBM.BM.270.SL	15944	0	521175	0	135726	159374	0	0	265453	0	0	46774	29652	0	0	0	0	0	0	0	7054	0	0	39514	51281	1514	0	0	0	0	0	0	2465	5070	0	11059	0	0	0	5535	0	7324	0	734	0	0	0	4086	0	15171	0	0	0	0	0	0	0	10885	0	0	0	0	0	0	0	0	2374	0	0	0	0	0	0	0	0	0	0	0	0	0	0	2712	0	0	42445	0	0	0	0	0	0	0	0	0	0	0	0	0	0	0	0	0	0	0	0	0	4065	0	0	0	7567	0	0	0	0	0	946	0	0	0	0	0	0	0	0	0
02-2020-29-SL	0	0	0	0	0	494998	0	15187	0	0	0	461788	0	0	0	0	0	0	0	0	0	0	0	496826	89337	0	0	0	0	0	0	25954	0	0	0	0	0	0	0	0	0	0	0	0	0	0	64192	0	0	43383	0	0	0	0	0	0	0	0	0	0	0	0	0	0	0	0	0	0	0	0	0	0	0	0	0	0	0	0	0	0	0	23969	0	0	0	0	0	0	0	0	0	0	0	0	0	0	0	0	0	0	0	0	0	0	0	0	0	0	0	0	0	0	0	0	0	0	0	0	0	0	0	0	7978	0	0	0
01-2020-08-SL	44981	0	161517	159845	170756	151456	8526	0	493918	0	517	332769	0	0	20109	0	0	0	0	20496	30245	0	0	57070	4629	9025	0	32680	0	0	991	19036	4113	130602	0	78270	23562	0	19960	2935	30233	7300	271	0	133494	0	25324	1274	0	70368	7206	0	4849	3285	0	0	581	12246	0	0	8497	0	0	0	0	0	0	9649	0	0	0	516	0	0	15167	1369	0	2121	0	0	0	4721	0	0	0	0	3538	0	0	58	0	0	267	0	0	566	0	915	0	0	0	36	0	0	0	0	4174	0	0	0	0	0	711	0	0	0	0	0	0	0	0	0	0	0	0	0
GBM.BM.257.SL	115286	192082	5236	0	3670	0	156912	483768	0	0	313539	81884	87715	9413	7562	72807	20332	3608	445117	4775	18937	45626	0	0	0	2140	3466	3603	145553	0	107096	256	80036	0	0	14475	0	868	6428	0	0	54777	26402	87	0	17369	3838	0	41405	5732	8471	24997	0	31465	31805	0	0	609	0	69245	2000	19783	2708	450	1306	32483	0	0	259	0	0	1421	169	5574	0	244	11479	12465	4553	60444	6862	705	42	0	0	0	3895	440	1330	0	40487	6617	12192	1541	0	5651	0	0	0	0	0	0	0	2808	0	4291	0	17264	754	0	0	0	0	868	0	7119	0	0	0	0	0	47	0	0	0	142
02-2020-49-SL	62825	36063	355132	172692	4933	438661	11653	3944	170848	163286	36994	101181	32654	42179	68442	0	5420	5741	25843	23741	116333	0	780	19659	81921	12303	8582	132955	12420	10484	96	5170	14298	2370	0	1709	0	36317	29294	3746	25921	14797	0	19691	2380	0	58267	66312	4428	52208	21218	688	44371	24085	20985	5419	17664	15390	22834	21498	3304	39343	2459	0	108846	7365	24724	4537	10544	83182	11330	1430	0	2976	91421	8307	0	28559	11791	43105	10441	14853	11549	171	16943	9133	11326	14457	4190	4817	18696	19631	17826	0	18056	6831	0	6010	0	693	1116	32366	2893	11092	0	1131	33387	20090	3975	9738	10245	1047	0	2689	0	21879	6641	280	0	12315	1157	2607	3831	7126	0	0
01-2020-41-SL	197795	112	408688	0	51781	290078	0	0	288814	26440	0	297948	0	0	0	0	0	9598	0	13439	10588	0	0	39347	66858	8706	0	145205	0	35464	633	0	3889	19648	0	2141	0	0	0	27744	0	159	0	27003	0	0	23612	125260	0	97194	2245	0	23970	25162	1831	11402	0	5535	0	0	184690	666	0	0	0	0	41662	11171	0	16834	827	0	0	0	0	1370	0	21632	0	4268	0	4028	18139	0	87374	25330	0	1152	432	963	2189	64475	40470	0	12594	0	0	198	0	5431	21806	7311	0	12228	0	0	1407	0	3216	0	8135	24554	5286	0	0	3990	3520	0	0	9	28	19	1865	6014	0	0
01-2020-12-SL	49895	0	1101	88522	0	0	0	0	5604	0	36317	0	0	406944	0	0	1551	4997	0	0	1647	2005	0	0	0	0	0	0	0	1004	0	12784	0	0	0	0	0	0	0	0	0	0	13864	0	0	0	0	0	0	0	0	0	0	0	0	0	0	0	0	0	159	0	268	0	0	0	0	0	0	2261	0	0	0	0	0	0	0	30875	0	0	2143	190	0	1752	0	0	0	0	0	0	0	2857	0	0	0	0	0	2689	0	0	0	0	0	0	0	0	0	0	2152	0	4741	0	836	0	0	0	0	0	60	0	0	0	0	0	0	0
01-2020-19-SL	217917	9462	302327	37405	0	374432	0	3817	61239	90898	2259	6224	0	24938	0	0	461	18324	0	17866	123991	856	7159	21856	40906	14361	15593	46925	51393	26110	11591	0	7064	0	0	9002	11426	0	13450	0	24467	15078	3160	38220	0	0	13057	15551	11138	18134	10334	735	39384	3154	10311	0	4434	24914	0	0	25111	1487	0	146	0	0	1845	44887	0	10061	42	619	0	0	2818	2885	2057	3837	26864	0	1791	12787	4440	0	0	75	0	2679	1244	0	5771	1316	9498	0	0	7960	5302	0	1153	332	0	0	8008	17409	7137	1934	416	713	0	0	0	471	0	1106	0	183	377	0	0	0	253	48	0	231	1309	411
01-2020-56-SL	57732	3311	10895	5889	48207	131830	43836	7669	77207	0	15361	361631	3923	556	89484	0	440	0	0	0	222442	140	0	3996	8938	2192	18602	7254	0	0	202844	0	21916	0	0	64165	0	0	169	2114	9542	10317	631	1253	0	0	3191	179091	0	15802	7232	1635	1369	6988	0	44	9680	7407	8879	1656	15888	0	1018	0	25	9178	64153	434	5800	0	5446	17896	0	0	0	0	0	29193	0	53683	0	1517	10564	0	0	7579	0	3476	0	7867	518	20187	11163	21972	0	160	0	3359	0	0	159	7402	0	0	0	0	643	0	0	0	0	0	8977	0	0	167	1645	0	0	819	0	363	1167	0	0	0
GBM.BM.277.SL	92230	0	0	0	342750	314371	0	21054	122680	0	0	79137	2666	0	0	0	0	0	4949	0	2501	0	0	41852	1093	1966	5378	0	0	0	0	0	9056	0	0	0	0	0	0	0	96	0	0	0	0	0	0	157	0	0	0	0	0	0	0	0	0	8755	0	4316	0	0	0	0	0	0	2084	0	0	0	604	0	0	0	0	1730	2231	921	16167	5386	0	0	0	0	0	0	0	0	0	0	0	9511	0	0	0	106	383	0	0	0	0	0	0	0	0	0	0	0	0	0	0	0	0	0	0	0	664	1536	4287	0	0	0	0	0	0	0
02-2020-13-SL	35468	6986	39277	0	0	1736	17469	288317	42101	77055	12643	150726	342361	2543	2599	111150	106743	8367	51667	2857	5231	5527	31346	2680	637	821	64412	0	8529	0	90438	10840	5478	0	0	39777	0	0	0	0	6195	213727	4809	8760	641	0	3495	4449	11315	16359	157	678	0	4744	0	0	0	3143	0	11611	0	12961	2634	0	275	3699	0	721	1271	0	2532	0	0	0	0	0	1449	3931	9029	1332	3132	1375	3114	3960	0	52	0	0	7209	668	0	0	144	0	0	365	0	0	4195	0	0	0	207	0	0	0	0	15329	0	0	0	51	0	1171	0	1644	0	0	0	0	0	0	0	0	0	0
01-2020-58-SL	316352	2196	80184	0	147	528	40901	126379	0	62736	120144	7082	14627	3340	42344	0	16955	17577	48050	24527	18255	5304	0	5145	182813	23160	0	15600	9374	0	3869	156	6844	0	0	9790	0	3034	31068	0	33578	10636	4708	47958	0	530	20214	1084	10407	23713	0	0	3211	7118	4327	0	0	2314	5624	94	3503	7938	0	0	1174	6884	968	0	850	2521	0	1570	0	0	0	5078	2703	2878	5950	0	0	7437	0	0	1974	0	961	2971	3668	0	1235	0	8598	0	0	0	0	0	0	0	0	0	3917	6479	0	1733	0	886	0	466	0	897	0	4823	0	1220	64	0	0	20	0	40	0	0	0	1187
02-2020-08-SL	193308	0	105365	0	0	74102	302471	180519	15240	26551	105884	44826	21593	0	15804	0	0	0	0	0	8437	0	0	0	6777	0	3265	204	1440	2983	100302	1615	8679	0	340	1252	0	15514	149559	2675	0	16072	24962	0	4045	164865	0	5343	1942	3791	17504	2899	608	4854	2194	0	41212	39929	1088	13465	1315	0	2196	0	1970	22	0	0	1011	11747	1376	12243	0	200	0	70	830	11499	0	63645	0	1182	65404	1482	354	789	3045	1955	0	558	0	9712	5110	0	5635	1794	0	0	2966	59	1714	883	0	0	0	0	2473	0	1494	0	6955	130	0	0	0	314	343	0	0	2277	0	0	542	2729	0	538
01-2020-24-SL	128837	1704	30104	467	0	0	174911	92263	0	0	297671	53801	23286	2841	26765	33165	0	0	24403	0	57780	0	0	0	0	0	3752	1183	503	0	49965	0	48276	0	0	10264	0	0	19624	0	1301	53625	22572	2772	0	45482	43	554	1180	694	16794	10442	0	5823	2560	0	254	1617	0	27222	192	0	2990	0	3533	107624	0	0	2303	8710	11365	324	0	0	0	0	14065	0	0	1505	0	851	3476	5836	0	720	8996	868	0	132	119	3101	1730	0	1480	1551	0	0	2537	0	0	2028	0	0	614	0	0	0	0	0	0	0	0	0	0	0	0	0	3069	2141	0	0	0	0	0	0
GBM.BM.265.SL	285254	968	108581	0	753	0	0	31882	0	5849	0	18096	0	756	0	0	0	1816	0	23195	131018	14479	0	37835	0	7647	0	20542	17565	0	1299	0	358	0	0	121	0	803	4601	0	0	0	0	0	0	0	19011	2451	0	78098	0	0	0	1343	0	2118	3108	944	0	0	11407	0	0	0	0	0	0	149	284	1495	0	323	123	0	0	0	0	4991	0	4469	6845	948	231	0	15251	0	0	0	3203	2089	1081	0	1861	0	0	0	0	0	0	0	1768	0	0	1256	45	2354	2283	0	0	0	0	1818	0	896	1028	0	0	0	0	272	0	0	0	0	0	359
01-2020-21-SL	52382	10147	112568	8135	2540	1672	96480	280987	869	69766	99826	16170	42815	5121	2439	46559	20578	3247	161647	1907	8430	15692	0	0	579	25	7455	5046	12561	0	21062	1812	20375	0	9614	2343	0	34706	38887	0	1263	43259	16640	5025	0	42454	2272	5396	9568	13311	17301	6050	0	10928	6069	254	2802	6292	2201	16062	10430	15121	1498	583	4489	21843	0	796	5747	0	16672	5517	8706	0	0	1391	5571	10859	16524	1617	6707	768	628	8713	0	335	2168	2514	1909	0	2860	732	60734	0	6714	3045	0	0	2710	0	0	4461	1517	0	0	0	0	7885	1347	1388	0	411	0	164	2320	9236	3551	0	0	3677	350	941	0	0	0	0
01-2020-27-SL	166374	24890	60168	23182	15934	5585	51742	196136	18431	42909	277194	35245	102726	33900	64829	126285	8822	9965	280147	3256	15654	7638	0	394	81240	3184	15504	949	2047	0	12704	1505	6459	0	121935	16943	0	0	47327	0	8786	77667	29151	7089	3138	1166	1178	2090	16697	9961	5054	3362	0	46398	15115	0	1540	3911	12195	13037	0	17137	187101	0	0	16533	0	1125	8476	0	1010	4440	2562	52667	0	5405	1441	324	974	0	17014	6913	1445	556	1727	67	908	0	0	0	11553	0	9340	61470	0	537	1054	0	0	0	0	867	440	16508	0	2028	0	3622	0	4992	0	0	0	1529	0	5472	791	0	0	0	0	1073	0	309	0	0
02-2020-10-SL	108687	0	155578	392	0	153934	0	0	4223	223	0	8906	0	15415	0	0	0	0	0	894	100677	0	0	34523	10256	256	0	0	0	0	0	0	0	0	0	182	1030	0	0	19104	0	0	0	0	0	0	0	5457	0	0	0	0	0	7892	0	321	0	1213	0	0	0	0	0	0	0	0	0	11566	0	1199	0	0	0	886	0	0	0	16557	0	0	0	0	0	0	0	0	0	0	0	0	0	0	7460	9627	418	0	0	0	0	0	6287	0	0	0	0	0	0	0	0	0	0	223	0	0	2191	1710	0	14900	3894	0	0	450	0	0	800	53
02-2020-52-SL	113798	4689	71194	0	9754	38888	177207	119990	0	87116	67484	64357	1492	18236	124314	10923	4514	8775	73531	6110	2732	14746	189	11347	46923	3350	40306	35103	21687	0	43086	0	37350	0	536	10484	0	0	83464	0	0	34058	10561	40933	0	1741	44791	2589	8980	5928	17576	11781	0	493	8280	29	2333	2875	129626	183248	1486	39674	1388	55	2662	52800	0	570	1905	0	1960	8480	0	0	0	9220	0	22505	42851	9186	23984	8138	525	0	16639	2045	134	0	11280	212	2645	13144	0	0	0	1329	0	0	0	0	0	11063	47	7093	589	0	1000	9600	0	0	0	386	0	1082	0	16193	0	0	11084	67	61	0	0	0	0	0
02.2020.043.SL	106284	0	77782	0	34860	0	4584	63153	4722	1434	1178	174861	0	25929	0	0	271	0	990	2859	24807	0	0	22809	95113	966	12196	6389	0	5031	1493	0	0	0	0	5819	0	1652	41572	0	0	7487	73	0	0	0	4000	15739	0	47875	1620	0	0	0	0	0	1098	2423	72756	0	3235	0	28	0	1087	11469	0	319	2044	0	0	5576	0	0	0	550	58	1314	1890	0	0	2984	42	0	1430	0	569	1076	0	0	0	0	2340	20884	0	0	0	7520	0	0	0	0	23	0	0	0	0	752	0	22895	0	613	0	0	0	0	0	0	0	0	0	0	0	0	0	0
01-2020-29-SL	101552	418	1421	160044	14859	56937	30748	765	64862	16282	7584	35193	2666	6001	575	0	0	1617	0	1084	7652	0	0	26	16237	13824	23601	10607	269	2034	19375	0	586	0	1297	20	438	688	4270	0	959	5493	1354	0	1785	49370	23949	4162	6886	8148	4587	0	13209	3342	2864	943	687	2683	78	1252	47568	0	258	109	0	0	1994	328	331	4677	1460	0	8315	16046	4739	214	0	29462	0	370	0	706	5982	2684	0	1069	0	0	667	0	128	17119	4477	794	1568	0	0	2285	0	58	0	2104	0	0	1690	0	94	0	380	0	3039	2221	1090	0	4680	0	0	0	0	20	0	0	370	1534	0	224
01-2020-52-SL	159253	0	32218	107915	35612	8497	60093	4656	31392	39094	10404	49086	1505	403	0	216	1229	1319	1914	207	7183	0	70	5170	65012	3869	360	3434	0	0	1646	0	4974	0	0	31027	0	0	33470	1125	19466	24868	0	1328	2172	0	7916	9255	0	26653	8583	0	888	7188	198	957	9843	420	3053	0	60814	0	307	1625	2398	0	1998	0	3784	24054	0	1328	0	0	717	0	0	5946	90	3509	0	3504	1490	0	4430	89	9704	10321	458	10692	8	1906	5392	0	3364	1077	4860	240	3378	0	8895	5020	0	3606	475	14655	0	0	87	955	0	1226	12	40	6977	4946	310	514	0	1591	714	1400	267	2481	2687	33
02-2020-20-SL	73451	0	25040	0	29259	0	157069	72803	0	11673	2086	135240	15369	51650	0	27477	5484	143	139192	5235	17	0	1639	151	1925	4226	0	0	744	381	0	29184	2620	0	137917	0	0	72318	6272	0	2516	54786	7614	90	0	111413	2424	5709	5435	355	79294	1943	0	16602	1240	0	978	1388	53568	24687	19245	0	875	0	0	0	0	0	5499	0	0	447	13730	0	0	29	11251	681	1451	0	238	0	3185	5185	7820	1083	16797	16	0	1615	7	10723	2251	3038	253	18237	0	0	0	194	0	0	0	0	0	0	0	209	655	0	0	520	94	13	0	868	1092	0	947	0	0	0	0	837	0	0
01-2020-28-SL	0	0	138711	0	10807	0	0	0	0	0	0	40016	0	0	0	0	0	0	0	0	129990	0	0	29972	0	0	0	0	0	0	0	0	5880	0	0	10853	0	0	31531	3315	0	0	0	0	0	340	0	10038	0	0	0	0	0	1514	0	1567	2350	1136	23610	0	7682	0	0	455	0	0	0	71	0	0	0	1047	0	0	0	0	0	26166	0	0	0	0	83	0	741	0	0	1691	0	0	0	0	17054	0	0	0	8094	845	0	242	97	0	0	0	591	0	0	0	0	0	0	1860	970	0	0	2020	0	4007	7753	0	0	308	0	0	304	228
02-2020-40-SL	36817	0	92929	54374	0	62892	96249	20347	4191	26299	95605	12176	4155	0	49323	0	40318	1094	0	1913	25757	0	0	0	6666	34	6682	127913	0	1167	11847	0	8464	103	0	8811	0	0	14112	0	1430	55598	3232	21895	0	0	1438	4210	1115	882	23133	1245	2040	1121	833	0	0	10196	2599	715	0	0	1553	0	0	2359	0	0	0	0	0	0	0	0	0	0	0	3709	0	27402	0	3609	0	0	0	336	28344	0	0	4228	67	59	2300	0	0	0	0	0	192	0	0	0	0	0	10451	324	0	0	0	0	0	0	0	205	0	0	0	0	0	0	0	0	0	0	0	0
GBM.BM.308.SL.ab	5376	0	3399	0	176	0	0	6885	0	1736	0	0	6338	19198	0	173	0	0	5012	0	3282	0	0	0	0	0	1397	0	0	0	0	147	0	0	0	0	0	0	0	0	0	1260	0	0	0	0	0	0	0	0	0	0	0	0	0	0	0	0	0	0	0	0	0	0	0	0	0	0	0	0	0	0	0	0	0	0	0	252	0	0	0	0	0	0	0	0	0	0	0	0	455	0	0	0	0	0	0	0	0	0	0	0	0	0	4243	0	0	0	0	0	0	0	0	0	0	0	0	0	0	0	0	0	0	0	0	0
GBM.BM.305.SL	81570	33704	14405	4942	4031	0	22643	76698	0	72870	34685	31852	32736	4813	68479	2519	25904	5901	102289	7771	8613	13018	3078	0	1613	4327	4925	141	2465	0	11963	2454	8282	0	0	4912	0	0	30277	0	0	22625	0	4095	0	26593	56	3762	24761	7427	3345	0	0	8275	9731	815	0	4533	9532	27030	4797	47826	388	9742	4692	6585	0	0	8010	504	35083	1462	5611	0	0	629	3407	14587	18195	0	5161	566	1720	1713	0	583	0	31514	4424	0	1393	1097	7466	339	0	743	149	0	0	144	0	125	0	84	0	19421	0	2563	0	0	0	416	0	5011	1905	4505	0	258	0	198	1560	1022	0	0	1733	0
02-2020-22-SL	101027	0	68375	0	0	17916	0	0	0	0	22505	33744	0	0	66383	0	0	0	0	0	12203	0	0	0	265	0	0	0	0	0	9250	151	5714	0	0	1179	0	2655	8592	0	0	0	0	0	0	0	0	9855	0	3952	0	4527	8046	14499	0	0	1367	102	0	0	18336	0	0	0	0	56180	628	0	0	23172	0	19186	0	0	0	0	0	61151	0	7780	0	269	6529	273	218	143	1233	954	0	150	0	1457	11594	0	3915	2420	3373	5615	999	528	3078	0	0	339	0	0	725	0	0	0	1309	0	6104	0	861	0	0	0	0	0	318	0	449	1804	766	1593
01-2020-06-SL	67394	0	3822	3796	7331	55799	1521	870	93488	0	0	34535	0	0	0	0	1854	1371	0	7980	6714	679	0	1410	40273	9851	0	7968	0	6883	0	0	0	1409	9286	4313	173	0	86	0	0	1051	0	775	2685	1225	4624	14140	0	25750	0	0	4203	823	0	0	0	204	0	0	326	0	0	0	0	0	0	1121	0	0	0	0	0	363	0	0	0	6773	0	0	0	0	468	0	8022	0	0	1895	0	0	0	0	2956	329	0	0	59221	298	0	0	0	0	0	0	0	15055	16	0	0	0	0	0	0	0	0	0	0	11368	13174	0	0	2060	0	0	5221	0
02-2020-51-SL	36781	0	31404	53177	89107	20933	22914	0	20745	0	0	90135	3363	0	1021	0	0	0	0	0	6119	0	0	3404	10899	64	0	22722	0	302	10789	467	2196	0	0	0	0	0	0	549	0	5464	693	269	0	0	0	16511	0	5135	798	0	5446	67	0	0	874	415	0	0	8264	0	0	0	123	0	1157	0	0	180	0	0	0	0	0	0	0	1348	0	7756	0	3540	16301	0	20637	3419	0	0	0	5126	0	14782	0	0	6737	0	0	474	0	0	0	7664	0	0	0	109	6374	0	0	201	2380	0	0	0	0	0	0	0	0	0	0	0	937	0	0	0
GBM.BM.260.SL	36887	0	14446	39924	5518	32810	86914	1553	778	3535	3149	17853	4697	227	3431	0	0	366	2134	1678	12684	0	0	2206	1093	1110	202	837	0	0	22582	269	9389	0	0	3395	0	15944	11066	0	0	3873	0	130	0	15245	0	2072	0	893	29233	0	646	788	0	0	1296	1042	0	0	0	0	650	0	5845	1034	0	72	1128	0	0	0	0	0	0	0	0	3014	31	0	0	531	17215	0	0	398	1153	0	0	0	0	4146	847	0	323	0	0	0	0	0	0	0	0	0	839	0	0	0	0	0	1783	0	627	0	0	0	0	0	0	0	0	0	0	0	0	0
GBM.BM.282.SL	52521	0	37866	16827	4323	44120	42194	0	19982	7896	79187	85280	0	0	73645	0	0	0	0	0	15077	0	1510	0	968	0	1018	1698	0	0	31191	0	1219	209	0	0	0	0	2502	0	513	6238	282	864	0	68279	671	8489	553	1679	11532	408	32	0	2086	0	706	2312	450	0	0	0	207	0	0	0	5702	1578	0	0	0	0	0	0	0	0	100	921	1254	11418	0	0	4338	0	0	0	5838	0	0	0	911	0	381	7540	0	0	0	0	0	0	0	0	0	0	825	0	0	0	0	0	0	0	0	2832	0	0	0	0	0	0	0	0	0	0	0	0
01-2020-44-SL	28256	0	26765	12844	20985	27577	76169	0	393	458	0	14565	111	20653	25796	209	0	0	2469	1387	956	2175	0	3013	10037	221	1590	64460	0	0	173	0	0	0	2556	22513	0	0	0	0	287	8168	0	0	0	0	256	24587	0	249	16656	0	0	2336	0	2010	585	520	10201	4294	9620	0	336	0	7511	65	0	0	0	13785	2227	2018	208	0	0	0	0	7589	199	0	0	0	693	4611	0	0	9179	12355	0	38	232	30	15825	4439	9342	54	20104	608	0	58	512	0	0	0	0	7777	16578	0	116	0	0	1210	0	0	3410	5228	1390	2845	5600	3161	3999	8071	63	1654	1503	0
02.2020.110.SL	20703	762	20711	0	0	0	39660	67163	0	0	15659	4967	2444	0	65832	286	2514	0	2827	0	6795	0	145	0	306	0	0	0	0	0	338	0	0	0	0	18371	0	0	6497	0	0	9269	0	905	0	2514	0	776	1552	0	0	0	0	0	142	0	0	0	10834	0	0	1298	185	0	0	0	0	0	0	0	0	0	756	0	0	0	0	0	4216	0	0	0	0	0	0	0	2520	0	0	0	0	0	0	0	0	0	0	0	0	0	0	0	0	0	0	0	0	0	0	0	0	0	0	0	0	0	0	0	0	0	0	0	0	0	0	0
02-2020-34-SL	48648	2443	56543	0	6692	12825	28322	6560	5824	26392	3147	15428	1199	9426	7410	0	2736	100	2683	0	9712	0	0	2275	22277	703	0	0	0	0	0	0	0	571	0	17139	0	53911	15949	2742	1123	9699	123	923	4853	720	1578	4279	525	12576	2557	0	258	5756	1111	0	146	755	446	0	15756	2062	66	0	1330	258	233	0	66	9886	0	0	64	0	0	0	0	4640	966	0	0	402	0	0	0	581	0	4621	0	0	154	502	8764	0	0	0	0	0	0	0	612	0	0	129	0	0	0	0	0	698	0	349	0	68	0	1821	245	0	0	0	0	0	0	0	38	0
SRR514322	2439708	297813	118421	936420	160331	776346	75742	279910	417938	1917305	1525757	210206	2177200	591788	379258	0	100923	18104	2462947	22542	18773	0	22528	87446	588641	43179	179907	118386	14335	989	79936	68463	15598	0	107591	101792	75392	0	7952	0	497700	535068	11580	17214	90368	3147	137431	42784	136798	320659	35379	2547	6432	352623	108858	2333	651	52839	184252	7234	6850	100580	8162	0	10354	175485	0	15583	43542	0	3156	15993	50549	0	89338	20635	156897	62231	24295	3236	222782	177401	5667	709	34458	3352	7166	17189	60606	4372	251257	2238	61847	115915	0	2681	439	0	4444	0	0	0	14722	313613	2654	3549	5708	29461	0	7693	0	0	0	55865	0	20314	11982	0	1101	12430	2203	3496	21	784	0	3696
SRR062396	380237	17496	640	80370	9795	159938	0	0	47490	142124	0	38877	43759	0	0	0	0	43823	6030	1804	0	0	0	31225	103328	349	9317	89	0	839	2258	0	2310	0	0	585	0	0	0	0	34398	0	0	24849	0	0	54478	0	15691	72420	727	0	2236	12078	4922	4983	0	16568	4921	0	2591	36574	554	683	0	0	0	1313	0	0	1281	2262	2645	563	0	1119	2251	7369	8673	0	0	41168	1569	1704	1388	0	0	8531	11769	0	0	823	3960	26124	0	0	2610	0	0	0	401	0	5344	2577	0	7024	0	3345	207	0	0	0	0	0	0	6993	259	0	46	10	708	1074	0	0	502	0
SRR1804765	99432	8886	519	0	75	0	6601	23701	470	21091	81042	9498	27849	8798	4423	19367	1088	3714	65010	1610	316	4148	0	0	0	98	3598	6574	97	0	4232	0	2280	0	0	279	0	6415	903	0	0	19428	2323	6114	0	1638	0	0	2421	952	2368	0	0	15938	1067	1276	0	1593	3452	92	1334	15389	732	0	0	2045	0	0	376	0	1849	232	0	351	0	0	6308	4020	319	156	1603	7876	751	480	0	1355	0	7461	678	0	42397	1538	7269	0	0	0	5085	0	157	0	128	363	0	1931	0	5301	0	1863	1091	299	0	0	0	1587	0	2362	576	0	0	14037	219	0	0	0	26	1047
SRR062371	12787	47003	21314	15153	17129	87290	624	8951	45710	8152	9900	3702	2330	0	6882	118	0	40263	5395	6382	0	17875	483	19229	55261	0	9110	18235	324	5372	316	0	0	0	10241	3266	3224	0	8841	0	1450	0	0	37789	18999	0	21216	6182	0	20750	0	0	2917	1948	928	293	0	3606	1391	610	0	1241	12595	0	1748	187	0	1119	0	0	0	0	948	595	907	1780	0	12324	683	0	1696	22032	375	0	0	1297	0	262	1355	0	0	41	1121	1462	86	0	1941	0	0	0	0	0	5778	14748	259	0	0	0	0	7284	0	0	0	0	0	5645	0	0	0	461	869	260	0	1810	71	0
SRR062415	48825	1005	2964	0	580	4148	7616	38358	0	9318	47874	6552	32569	0	9427	51893	390	452	55050	264	0	1612	0	1246	4417	0	12932	271	206	0	5351	147	1718	0	72303	5832	0	205	6560	0	0	0	777	2540	0	587	0	8167	1193	1123	2183	0	0	11286	0	956	0	2452	6463	0	0	8405	1022	0	0	35407	0	0	2358	0	9330	0	3959	6661	0	750	7464	14623	2534	0	0	998	2254	433	1357	0	1138	18614	0	0	0	46	17754	469	0	203	30602	0	2416	0	0	1653	0	0	909	11204	0	293	210	0	0	128	0	6677	0	15450	937	4675	4066	214	428	1149	0	0	59	0
SRR511518	0	0	0	4999	3119	992	0	0	75	607	0	1973	0	0	0	0	0	0	694	148	868	0	0	118	3265	1891	0	2558	0	0	0	0	0	23	0	0	0	0	0	0	0	279	0	0	1076	0	861	165	0	1494	0	0	156	0	0	0	0	0	0	0	0	0	0	0	3409	0	2524	0	0	0	0	0	0	0	0	0	0	325	0	0	0	0	0	0	0	0	0	0	0	0	363	0	0	0	0	0	0	0	0	0	0	1260	0	1266	0	934	0	0	0	790	0	0	0	0	0	0	0	0	0	0	0	0	0	0	0	0
